"Country","combined figures (kg/capita/year)","Household estimate (kg/capita/year)","Household estimate (tonnes/year)","Retail estimate (kg/capita/year)","Retail estimate (tonnes/year)","Food service estimate (kg/capita/year)","Food service estimate (tonnes/year)","M49 code","Region","Source"
"AFGHANISTAN",126,82,3109153,16,594982,28,1051783,4,"SOUTHERN ASIA","https://www.unep.org/resources/report/unep-food-waste-index-report-2151"
"ALBANIA",127,83,238492,16,45058,28,79651,8,"SOUTHERN EUROPE","https://www.unep.org/resources/report/unep-food-waste-index-report-2160"
"ALGERIA",135,91,3918529,16,673360,28,1190335,12,"NORTHERN AFRICA","https://www.unep.org/resources/report/unep-food-waste-index-report-2107"
"ANDORRA",123,84,6497,13,988,26,1971,20,"SOUTHERN EUROPE","https://www.unep.org/resources/report/unep-food-waste-index-report-2161"
"ANGOLA",144,100,3169523,16,497755,28,879908,24,"SUB-SAHARAN AFRICA","https://www.unep.org/resources/report/unep-food-waste-index-report-2176"
"ANTIGUA AND BARBUDA",113,74,7178,13,1244,26,2483,28,"LATIN AMERICA AND THE CARIBBEAN","https://www.unep.org/resources/report/unep-food-waste-index-report-2046"
"ARGENTINA",116,72,3243563,16,700380,28,1238100,32,"LATIN AMERICA AND THE CARIBBEAN","https://www.unep.org/resources/report/unep-food-waste-index-report-2047"
"ARMENIA",137,93,275195,16,46259,28,81775,51,"WESTERN ASIA","https://www.unep.org/resources/report/unep-food-waste-index-report-2227"
"ARUBA",113,74,7858,13,1362,26,2718,533,"LATIN AMERICA AND THE CARIBBEAN","https://www.unep.org/resources/report/unep-food-waste-index-report-2048"
"AUSTRALIA",133,102,2563110,9,238248,22,546340,36,"AUSTRALIA AND NEW ZEALAND","https://www.unep.org/resources/report/unep-food-waste-index-report-2021"
"AUSTRIA",76,39,349249,9,77289,28,254191,40,"WESTERN EUROPE","https://www.unep.org/resources/report/unep-food-waste-index-report-2245"
"AZERBAIJAN",137,93,934872,16,157148,28,277800,31,"WESTERN ASIA","https://www.unep.org/resources/report/unep-food-waste-index-report-2228"
"BAHAMAS",113,74,28792,13,4990,26,9960,44,"LATIN AMERICA AND THE CARIBBEAN","https://www.unep.org/resources/report/unep-food-waste-index-report-2049"
"BAHRAIN",171,132,216161,13,21026,26,41966,48,"WESTERN ASIA","https://www.unep.org/resources/report/unep-food-waste-index-report-2229"
"BANGLADESH",84,65,10618233,16,2550080,3,544436,50,"SOUTHERN ASIA","https://www.unep.org/resources/report/unep-food-waste-index-report-2152"
"BARBADOS",113,74,21215,13,3677,26,7339,52,"LATIN AMERICA AND THE CARIBBEAN","https://www.unep.org/resources/report/unep-food-waste-index-report-2050"
"BELARUS",112,68,646356,16,147838,28,261341,112,"EASTERN EUROPE","https://www.unep.org/resources/report/unep-food-waste-index-report-2035"
"BELGIUM",80,50,576036,10,112100,20,227371,56,"WESTERN EUROPE","https://www.unep.org/resources/report/unep-food-waste-index-report-2246"
"BELIZE",97,53,20564,16,6106,28,10794,84,"LATIN AMERICA AND THE CARIBBEAN","https://www.unep.org/resources/report/unep-food-waste-index-report-2051"
"BENIN",144,100,1175297,16,184573,28,326280,204,"SUB-SAHARAN AFRICA","https://www.unep.org/resources/report/unep-food-waste-index-report-2177"
"BERMUDA",113,74,4606,13,801,26,1598,60,"NORTHERN AMERICA","https://www.unep.org/resources/report/unep-food-waste-index-report-2114"
"BHUTAN",123,79,60000,16,11935,28,21098,64,"SOUTHERN ASIA","https://www.unep.org/resources/report/unep-food-waste-index-report-2153"
"BOLIVIA (PLURIN. STATE OF)",124,80,922012,16,180068,28,318315,68,"LATIN AMERICA AND THE CARIBBEAN","https://www.unep.org/resources/report/unep-food-waste-index-report-2052"
"BOSNIA AND HERZEGOVINA",127,83,273269,16,51628,28,91266,70,"SOUTHERN EUROPE","https://www.unep.org/resources/report/unep-food-waste-index-report-2162"
"BOTSWANA",136,92,211802,16,36030,28,63693,72,"SUB-SAHARAN AFRICA","https://www.unep.org/resources/report/unep-food-waste-index-report-2178"
"BRAZIL",104,60,12578308,16,3300862,28,5835112,76,"LATIN AMERICA AND THE CARIBBEAN","https://www.unep.org/resources/report/unep-food-waste-index-report-2054"
"BRITISH VIRGIN ISLANDS",113,74,2218,13,384,26,767,92,"LATIN AMERICA AND THE CARIBBEAN","https://www.unep.org/resources/report/unep-food-waste-index-report-2055"
"BRUNEI DARUSSALAM",119,80,34739,13,5551,26,11080,96,"SOUTH-EASTERN ASIA","https://www.unep.org/resources/report/unep-food-waste-index-report-2140"
"BULGARIA",112,68,478667,16,109483,28,193539,100,"EASTERN EUROPE","https://www.unep.org/resources/report/unep-food-waste-index-report-2036"
"BURKINA FASO",147,103,2086893,16,317831,28,561848,854,"SUB-SAHARAN AFRICA","https://www.unep.org/resources/report/unep-food-waste-index-report-2179"
"BURUNDI",147,103,1184127,16,180341,28,318799,108,"SUB-SAHARAN AFRICA","https://www.unep.org/resources/report/unep-food-waste-index-report-2180"
"CABO VERDE",144,100,54765,16,8601,28,15204,132,"SUB-SAHARAN AFRICA","https://www.unep.org/resources/report/unep-food-waste-index-report-2181"
"CAMBODIA",130,86,1423397,16,257853,28,455820,116,"SOUTH-EASTERN ASIA","https://www.unep.org/resources/report/unep-food-waste-index-report-2141"
"CAMEROON",144,100,2577064,16,404713,28,715433,120,"SUB-SAHARAN AFRICA","https://www.unep.org/resources/report/unep-food-waste-index-report-2182"
"CANADA",118,79,2938321,13,479284,26,956615,124,"NORTHERN AMERICA","https://www.unep.org/resources/report/unep-food-waste-index-report-2115"
"CAYMAN ISLANDS",113,74,4797,13,831,26,1660,136,"LATIN AMERICA AND THE CARIBBEAN","https://www.unep.org/resources/report/unep-food-waste-index-report-2056"
"CENTRAL AFRICAN REPUBLIC",147,103,487305,16,74216,28,131196,140,"SUB-SAHARAN AFRICA","https://www.unep.org/resources/report/unep-food-waste-index-report-2183"
"CHAD",147,103,1637656,16,249413,28,440901,148,"SUB-SAHARAN AFRICA","https://www.unep.org/resources/report/unep-food-waste-index-report-2184"
"CHILE",113,74,1400946,13,242800,26,484611,152,"LATIN AMERICA AND THE CARIBBEAN","https://www.unep.org/resources/report/unep-food-waste-index-report-2057"
"CHINA",126,64,91646213,16,22424705,46,65377741,156,"EASTERN ASIA","https://www.unep.org/resources/report/unep-food-waste-index-report-2028"
"CHINA, HONG KONG SAR",110,71,530985,13,95267,26,190147,344,"EASTERN ASIA","https://www.unep.org/resources/report/unep-food-waste-index-report-2029"
"CHINA, MACAO SAR",110,71,45728,13,8204,26,16375,446,"EASTERN ASIA","https://www.unep.org/resources/report/unep-food-waste-index-report-2030"
"COLOMBIA",114,70,3545499,16,787320,28,1391787,170,"LATIN AMERICA AND THE CARIBBEAN","https://www.unep.org/resources/report/unep-food-waste-index-report-2058"
"COMOROS",144,100,84742,16,13308,28,23526,174,"SUB-SAHARAN AFRICA","https://www.unep.org/resources/report/unep-food-waste-index-report-2185"
"CONGO",144,100,535851,16,84152,28,148760,178,"SUB-SAHARAN AFRICA","https://www.unep.org/resources/report/unep-food-waste-index-report-2186"
"COSTA RICA",116,72,365609,16,78946,28,139556,188,"LATIN AMERICA AND THE CARIBBEAN","https://www.unep.org/resources/report/unep-food-waste-index-report-2059"
"CÔTE D’IVOIRE",144,100,2561140,16,402212,28,711012,384,"SUB-SAHARAN AFRICA","https://www.unep.org/resources/report/unep-food-waste-index-report-2187"
"CROATIA",123,84,348070,13,52915,26,105613,191,"SOUTHERN EUROPE","https://www.unep.org/resources/report/unep-food-waste-index-report-2163"
"CUBA",116,72,820910,16,177259,28,313349,192,"LATIN AMERICA AND THE CARIBBEAN","https://www.unep.org/resources/report/unep-food-waste-index-report-2060"
"CURAÇAO",113,74,12079,13,2093,26,4178,531,"LATIN AMERICA AND THE CARIBBEAN","https://www.unep.org/resources/report/unep-food-waste-index-report-2061"
"CYPRUS",134,95,113306,13,15356,26,30649,196,"WESTERN ASIA","https://www.unep.org/resources/report/unep-food-waste-index-report-2230"
"CZECHIA",109,70,746840,13,136943,26,273327,203,"EASTERN EUROPE","https://www.unep.org/resources/report/unep-food-waste-index-report-2037"
"DEM. PEOPLE'S REP. KOREA",125,81,2070528,16,401425,28,709621,408,"EASTERN ASIA","https://www.unep.org/resources/report/unep-food-waste-index-report-2031"
"DEM. REP. OF THE CONGO",147,103,8912903,16,1357425,28,2399593,180,"SUB-SAHARAN AFRICA","https://www.unep.org/resources/report/unep-food-waste-index-report-2188"
"DENMARK",132,81,469449,30,172003,21,119134,208,"NORTHERN EUROPE","https://www.unep.org/resources/report/unep-food-waste-index-report-2119"
"DJIBOUTI",144,100,96962,16,15227,28,26918,262,"SUB-SAHARAN AFRICA","https://www.unep.org/resources/report/unep-food-waste-index-report-2189"
"DOMINICA",116,72,5201,16,1123,28,1985,212,"LATIN AMERICA AND THE CARIBBEAN","https://www.unep.org/resources/report/unep-food-waste-index-report-2062"
"DOMINICAN REPUBLIC",116,72,777849,16,167960,28,296913,214,"LATIN AMERICA AND THE CARIBBEAN","https://www.unep.org/resources/report/unep-food-waste-index-report-2063"
"ECUADOR",116,72,1258415,16,271729,28,480349,218,"LATIN AMERICA AND THE CARIBBEAN","https://www.unep.org/resources/report/unep-food-waste-index-report-2064"
"EGYPT",135,91,9136941,16,1570093,28,2775538,818,"NORTHERN AFRICA","https://www.unep.org/resources/report/unep-food-waste-index-report-2108"
"EL SALVADOR",124,80,516828,16,100936,28,178430,222,"LATIN AMERICA AND THE CARIBBEAN","https://www.unep.org/resources/report/unep-food-waste-index-report-2065"
"EQUATORIAL GUINEA",136,92,124670,16,21208,28,37491,226,"SUB-SAHARAN AFRICA","https://www.unep.org/resources/report/unep-food-waste-index-report-2190"
"ERITREA",147,103,359132,16,54695,28,96688,232,"SUB-SAHARAN AFRICA","https://www.unep.org/resources/report/unep-food-waste-index-report-2191"
"ESTONIA",100,78,102743,5,6243,17,22013,233,"NORTHERN EUROPE","https://www.unep.org/resources/report/unep-food-waste-index-report-2120"
"ESWATINI",144,100,114341,16,17957,28,31743,748,"SUB-SAHARAN AFRICA","https://www.unep.org/resources/report/unep-food-waste-index-report-2192"
"ETHIOPIA",136,92,10327236,16,1752936,28,3098760,231,"SUB-SAHARAN AFRICA","https://www.unep.org/resources/report/unep-food-waste-index-report-2193"
"FAROE ISLANDS",115,76,3710,13,624,26,1245,234,"NORTHERN EUROPE","https://www.unep.org/resources/report/unep-food-waste-index-report-2121"
"FIJI",120,76,67385,16,13920,28,24607,242,"MELANESIA","https://www.unep.org/resources/report/unep-food-waste-index-report-2095"
"FINLAND",101,65,361937,13,70875,23,128927,246,"NORTHERN EUROPE","https://www.unep.org/resources/report/unep-food-waste-index-report-2122"
"FRANCE",135,85,5522358,26,1667568,24,1594579,250,"WESTERN EUROPE","https://www.unep.org/resources/report/unep-food-waste-index-report-2247"
"FRENCH POLYNESIA",118,79,21978,13,3578,26,7142,258,"POLYNESIA","https://www.unep.org/resources/report/unep-food-waste-index-report-2133"
"GABON",136,92,199748,16,33980,28,60068,266,"SUB-SAHARAN AFRICA","https://www.unep.org/resources/report/unep-food-waste-index-report-2194"
"GAMBIA",147,103,241095,16,36719,28,64909,270,"SUB-SAHARAN AFRICA","https://www.unep.org/resources/report/unep-food-waste-index-report-2195"
"GEORGIA",145,101,403573,16,62511,28,110504,268,"WESTERN ASIA","https://www.unep.org/resources/report/unep-food-waste-index-report-2231"
"GERMANY",102,75,6263775,6,498244,21,1718433,276,"WESTERN EUROPE","https://www.unep.org/resources/report/unep-food-waste-index-report-2248"
"GHANA",128,84,2555332,16,475743,28,840996,288,"SUB-SAHARAN AFRICA","https://www.unep.org/resources/report/unep-food-waste-index-report-2196"
"GIBRALTAR",123,84,2840,13,432,26,862,292,"SOUTHERN EUROPE","https://www.unep.org/resources/report/unep-food-waste-index-report-2164"
"GREECE",175,142,1483996,7,77332,26,267812,300,"SOUTHERN EUROPE","https://www.unep.org/resources/report/unep-food-waste-index-report-2165"
"GREENLAND",113,74,4178,13,726,26,1450,304,"NORTHERN AMERICA","https://www.unep.org/resources/report/unep-food-waste-index-report-2116"
"GRENADA",116,72,8112,16,1752,28,3097,308,"LATIN AMERICA AND THE CARIBBEAN","https://www.unep.org/resources/report/unep-food-waste-index-report-2068"
"GUAM",118,79,13165,13,2143,26,4278,316,"MICRONESIA","https://www.unep.org/resources/report/unep-food-waste-index-report-2100"
"GUATEMALA",116,72,1273466,16,274979,28,486095,320,"LATIN AMERICA AND THE CARIBBEAN","https://www.unep.org/resources/report/unep-food-waste-index-report-2070"
"GUINEA",147,103,1311530,16,199744,28,353099,324,"SUB-SAHARAN AFRICA","https://www.unep.org/resources/report/unep-food-waste-index-report-2197"
"GUINEA-BISSAU",147,103,197266,16,30043,28,53109,624,"SUB-SAHARAN AFRICA","https://www.unep.org/resources/report/unep-food-waste-index-report-2198"
"GUYANA",116,72,56700,16,12243,28,21643,328,"LATIN AMERICA AND THE CARIBBEAN","https://www.unep.org/resources/report/unep-food-waste-index-report-2071"
"HAITI",127,83,936940,16,176157,28,311403,332,"LATIN AMERICA AND THE CARIBBEAN","https://www.unep.org/resources/report/unep-food-waste-index-report-2072"
"HONDURAS",124,80,780504,16,152431,28,269461,340,"LATIN AMERICA AND THE CARIBBEAN","https://www.unep.org/resources/report/unep-food-waste-index-report-2073"
"HUNGARY",133,94,908669,13,124074,26,247642,348,"EASTERN EUROPE","https://www.unep.org/resources/report/unep-food-waste-index-report-2038"
"ICELAND",115,76,25827,13,4343,26,8668,352,"NORTHERN EUROPE","https://www.unep.org/resources/report/unep-food-waste-index-report-2123"
"INDIA",94,50,68760163,16,21371087,28,37778821,356,"SOUTHERN ASIA","https://www.unep.org/resources/report/unep-food-waste-index-report-2154"
"INDONESIA",121,77,20938252,16,4232646,28,7482277,360,"SOUTH-EASTERN ASIA","https://www.unep.org/resources/report/unep-food-waste-index-report-2142"
"IRAN (ISLAMIC REPUBLIC OF)",115,71,5884842,16,1296792,28,2292410,364,"SOUTHERN ASIA","https://www.unep.org/resources/report/unep-food-waste-index-report-2155"
"IRAQ",164,120,4734434,16,614814,28,1086840,368,"WESTERN ASIA","https://www.unep.org/resources/report/unep-food-waste-index-report-2232"
"IRELAND",124,55,267073,13,62551,56,274135,372,"NORTHERN EUROPE","https://www.unep.org/resources/report/unep-food-waste-index-report-2124"
"ISLE OF MAN",115,76,6445,13,1084,26,2163,833,"NORTHERN EUROPE","https://www.unep.org/resources/report/unep-food-waste-index-report-2125"
"ISRAEL",178,100,848395,51,437997,27,233752,376,"WESTERN ASIA","https://www.unep.org/resources/report/unep-food-waste-index-report-2233"
"ITALY",97,67,4059806,4,219552,26,1548291,380,"SOUTHERN EUROPE","https://www.unep.org/resources/report/unep-food-waste-index-report-2167"
"JAMAICA",116,72,213552,16,46112,28,81515,388,"LATIN AMERICA AND THE CARIBBEAN","https://www.unep.org/resources/report/unep-food-waste-index-report-2074"
"JAPAN",88,64,8159891,9,1095308,15,1870735,392,"EASTERN ASIA","https://www.unep.org/resources/report/unep-food-waste-index-report-2032"
"JORDAN",137,93,939897,16,157993,28,279293,400,"WESTERN ASIA","https://www.unep.org/resources/report/unep-food-waste-index-report-2234"
"KAZAKHSTAN",120,76,1404584,16,290148,28,512910,398,"CENTRAL ASIA","https://www.unep.org/resources/report/unep-food-waste-index-report-2023"
"KENYA",141,99,5217367,11,576411,31,1637020,404,"SUB-SAHARAN AFRICA","https://www.unep.org/resources/report/unep-food-waste-index-report-2199"
"KIRIBATI",135,91,10704,16,1839,28,3251,296,"MICRONESIA","https://www.unep.org/resources/report/unep-food-waste-index-report-2101"
"KUWAIT",134,95,397706,13,53898,26,107577,414,"WESTERN ASIA","https://www.unep.org/resources/report/unep-food-waste-index-report-2235"
"KYRGYZSTAN",135,91,583951,16,100346,28,177387,417,"CENTRAL ASIA","https://www.unep.org/resources/report/unep-food-waste-index-report-2024"
"LAO PEOPLE'S DEM. REP.",130,86,618994,16,112133,28,198223,418,"SOUTH-EASTERN ASIA","https://www.unep.org/resources/report/unep-food-waste-index-report-2143"
"LATVIA",115,76,145263,13,24427,26,48755,428,"NORTHERN EUROPE","https://www.unep.org/resources/report/unep-food-waste-index-report-2126"
"LEBANON",149,105,717491,16,107225,28,189547,422,"WESTERN ASIA","https://www.unep.org/resources/report/unep-food-waste-index-report-2236"
"LESOTHO",144,100,211661,16,33240,28,58760,426,"SUB-SAHARAN AFRICA","https://www.unep.org/resources/report/unep-food-waste-index-report-2200"
"LIBERIA",147,103,507043,16,77222,28,136510,430,"SUB-SAHARAN AFRICA","https://www.unep.org/resources/report/unep-food-waste-index-report-2201"
"LIBYA",120,76,513146,16,106002,28,187385,434,"NORTHERN AFRICA","https://www.unep.org/resources/report/unep-food-waste-index-report-2109"
"LIECHTENSTEIN",111,72,2724,13,487,26,972,438,"WESTERN EUROPE","https://www.unep.org/resources/report/unep-food-waste-index-report-2249"
"LITHUANIA",115,76,210241,13,35354,26,70564,440,"NORTHERN EUROPE","https://www.unep.org/resources/report/unep-food-waste-index-report-2127"
"LUXEMBOURG",117,89,54951,7,4433,21,12868,442,"WESTERN EUROPE","https://www.unep.org/resources/report/unep-food-waste-index-report-2250"
"MADAGASCAR",147,103,2769594,16,421806,28,745649,450,"SUB-SAHARAN AFRICA","https://www.unep.org/resources/report/unep-food-waste-index-report-2202"
"MALAWI",147,103,1913062,16,291357,28,515048,454,"SUB-SAHARAN AFRICA","https://www.unep.org/resources/report/unep-food-waste-index-report-2203"
"MALAYSIA",260,91,2921577,79,2518199,90,2861537,458,"SOUTH-EASTERN ASIA","https://www.unep.org/resources/report/unep-food-waste-index-report-2144"
"MALDIVES",115,71,37688,16,8305,28,14681,462,"SOUTHERN ASIA","https://www.unep.org/resources/report/unep-food-waste-index-report-2156"
"MALI",147,103,2018765,16,307456,28,543506,466,"SUB-SAHARAN AFRICA","https://www.unep.org/resources/report/unep-food-waste-index-report-2204"
"MALTA",168,129,56812,13,5642,26,11261,470,"SOUTHERN EUROPE","https://www.unep.org/resources/report/unep-food-waste-index-report-2168"
"MARSHALL ISLANDS",120,76,4452,16,920,28,1626,584,"MICRONESIA","https://www.unep.org/resources/report/unep-food-waste-index-report-2102"
"MAURITANIA",144,100,450720,16,70783,28,125127,478,"SUB-SAHARAN AFRICA","https://www.unep.org/resources/report/unep-food-waste-index-report-2205"
"MAURITIUS",132,93,118626,13,16267,26,32467,480,"SUB-SAHARAN AFRICA","https://www.unep.org/resources/report/unep-food-waste-index-report-2206"
"MEXICO",138,94,11979364,16,1995310,28,3527217,484,"LATIN AMERICA AND THE CARIBBEAN","https://www.unep.org/resources/report/unep-food-waste-index-report-2076"
"MICRONESIA (FED. STATES OF)",135,91,10358,16,1780,28,3146,583,"MICRONESIA","https://www.unep.org/resources/report/unep-food-waste-index-report-2103"
"MONACO",111,72,2795,13,500,26,997,492,"WESTERN EUROPE","https://www.unep.org/resources/report/unep-food-waste-index-report-2251"
"MONGOLIA",122,78,250173,16,50443,28,89171,496,"EASTERN ASIA","https://www.unep.org/resources/report/unep-food-waste-index-report-2033"
"MONTENEGRO",127,83,51988,16,9822,28,17363,499,"SOUTHERN EUROPE","https://www.unep.org/resources/report/unep-food-waste-index-report-2169"
"MOROCCO",135,91,3319524,16,570427,28,1008375,504,"NORTHERN AFRICA","https://www.unep.org/resources/report/unep-food-waste-index-report-2110"
"MOZAMBIQUE",147,103,3118416,16,474931,28,839561,508,"SUB-SAHARAN AFRICA","https://www.unep.org/resources/report/unep-food-waste-index-report-2208"
"MYANMAR",130,86,4666125,16,845282,28,1494251,104,"SOUTH-EASTERN ASIA","https://www.unep.org/resources/report/unep-food-waste-index-report-2145"
"NAMIBIA",136,92,229344,16,39015,28,68968,516,"SUB-SAHARAN AFRICA","https://www.unep.org/resources/report/unep-food-waste-index-report-2209"
"NAURU",118,79,850,13,138,26,276,520,"MICRONESIA","https://www.unep.org/resources/report/unep-food-waste-index-report-2104"
"NEPAL",123,79,2249412,16,447447,28,790975,524,"SOUTHERN ASIA","https://www.unep.org/resources/report/unep-food-waste-index-report-2157"
"NETHERLANDS",87,50,854855,11,188068,26,437180,528,"WESTERN EUROPE","https://www.unep.org/resources/report/unep-food-waste-index-report-2252"
"NEW CALEDONIA",118,79,22254,13,3623,26,7231,540,"MELANESIA","https://www.unep.org/resources/report/unep-food-waste-index-report-2096"
"NEW ZEALAND",90,61,291769,3,14923,26,122306,554,"AUSTRALIA AND NEW ZEALAND","https://www.unep.org/resources/report/unep-food-waste-index-report-2022"
"NICARAGUA",124,80,524188,16,102373,28,180970,558,"LATIN AMERICA AND THE CARIBBEAN","https://www.unep.org/resources/report/unep-food-waste-index-report-2078"
"NIGER",147,103,2393877,16,364585,28,644496,562,"SUB-SAHARAN AFRICA","https://www.unep.org/resources/report/unep-food-waste-index-report-2210"
"NIGERIA",233,189,37941470,16,3143117,28,5556257,566,"SUB-SAHARAN AFRICA","https://www.unep.org/resources/report/unep-food-waste-index-report-2211"
"NORTH MACEDONIA",127,83,172480,16,32586,28,57605,807,"SOUTHERN EUROPE","https://www.unep.org/resources/report/unep-food-waste-index-report-2170"
"NORTHERN MARIANA ISLANDS",118,79,4501,13,733,26,1463,580,"MICRONESIA","https://www.unep.org/resources/report/unep-food-waste-index-report-2105"
"NORWAY",98,79,423857,14,74088,5,26685,578,"NORTHERN EUROPE","https://www.unep.org/resources/report/unep-food-waste-index-report-2128"
"OMAN",134,95,470297,13,63736,26,127213,512,"WESTERN ASIA","https://www.unep.org/resources/report/unep-food-waste-index-report-2237"
"PAKISTAN",118,74,15947645,16,3387131,28,5987614,586,"SOUTHERN ASIA","https://www.unep.org/resources/report/unep-food-waste-index-report-2158"
"PALAU",118,79,1416,13,231,26,460,585,"MICRONESIA","https://www.unep.org/resources/report/unep-food-waste-index-report-2106"
"PANAMA",113,74,313897,13,54402,26,108582,591,"LATIN AMERICA AND THE CARIBBEAN","https://www.unep.org/resources/report/unep-food-waste-index-report-2079"
"PAPUA NEW GUINEA",135,91,798767,16,137260,28,242642,598,"MELANESIA","https://www.unep.org/resources/report/unep-food-waste-index-report-2097"
"PARAGUAY",116,72,510256,16,110179,28,194770,600,"LATIN AMERICA AND THE CARIBBEAN","https://www.unep.org/resources/report/unep-food-waste-index-report-2080"
"PERU",116,72,2354806,16,508472,28,898853,604,"LATIN AMERICA AND THE CARIBBEAN","https://www.unep.org/resources/report/unep-food-waste-index-report-2081"
"PHILIPPINES",130,86,9334477,16,1690968,28,2989216,608,"SOUTH-EASTERN ASIA","https://www.unep.org/resources/report/unep-food-waste-index-report-2146"
"POLAND",95,56,2119455,13,485392,26,968807,616,"EASTERN EUROPE","https://www.unep.org/resources/report/unep-food-waste-index-report-2039"
"PORTUGAL",123,84,861786,13,131011,26,261488,620,"SOUTHERN EUROPE","https://www.unep.org/resources/report/unep-food-waste-index-report-2171"
"PUERTO RICO",113,74,216839,13,37581,26,75008,630,"LATIN AMERICA AND THE CARIBBEAN","https://www.unep.org/resources/report/unep-food-waste-index-report-2082"
"QATAR",134,95,267724,13,36283,26,72418,634,"WESTERN ASIA","https://www.unep.org/resources/report/unep-food-waste-index-report-2238"
"REPUBLIC OF KOREA",110,71,3657764,13,656263,26,1309852,410,"EASTERN ASIA","https://www.unep.org/resources/report/unep-food-waste-index-report-2034"
"REPUBLIC OF MOLDOVA",120,76,307419,16,63238,28,111789,498,"EASTERN EUROPE","https://www.unep.org/resources/report/unep-food-waste-index-report-2040"
"ROMANIA",109,70,1352979,13,248086,26,495161,642,"EASTERN EUROPE","https://www.unep.org/resources/report/unep-food-waste-index-report-2041"
"RUSSIAN FEDERATION",75,33,4868564,14,2001062,28,4033088,643,"EASTERN EUROPE","https://www.unep.org/resources/report/unep-food-waste-index-report-2042"
"RWANDA",208,164,2075405,16,197489,28,349112,646,"SUB-SAHARAN AFRICA","https://www.unep.org/resources/report/unep-food-waste-index-report-2213"
"SAINT KITTS AND NEVIS",113,74,3903,13,676,26,1350,659,"LATIN AMERICA AND THE CARIBBEAN","https://www.unep.org/resources/report/unep-food-waste-index-report-2084"
"SAINT LUCIA",116,72,13241,16,2859,28,5054,662,"LATIN AMERICA AND THE CARIBBEAN","https://www.unep.org/resources/report/unep-food-waste-index-report-2085"
"SAINT MARTIN (FRENCH PART)",113,74,2809,13,487,26,972,663,"LATIN AMERICA AND THE CARIBBEAN","https://www.unep.org/resources/report/unep-food-waste-index-report-2086"
"SAINT VINCENT & GRENADINES",116,72,8011,16,1730,28,3058,670,"LATIN AMERICA AND THE CARIBBEAN","https://www.unep.org/resources/report/unep-food-waste-index-report-2087"
"SAMOA",120,76,14923,16,3083,28,5449,882,"POLYNESIA","https://www.unep.org/resources/report/unep-food-waste-index-report-2135"
"SAN MARINO",123,84,2857,13,434,26,867,674,"SOUTHERN EUROPE","https://www.unep.org/resources/report/unep-food-waste-index-report-2172"
"SAO TOME AND PRINCIPE",144,100,21422,16,3364,28,5947,678,"SUB-SAHARAN AFRICA","https://www.unep.org/resources/report/unep-food-waste-index-report-2215"
"SAUDI ARABIA",151,105,3594080,20,673502,26,876260,682,"WESTERN ASIA","https://www.unep.org/resources/report/unep-food-waste-index-report-2239"
"SENEGAL",144,100,1622980,16,254879,28,450564,686,"SUB-SAHARAN AFRICA","https://www.unep.org/resources/report/unep-food-waste-index-report-2216"
"SERBIA",105,83,726196,16,137199,6,52633,688,"SOUTHERN EUROPE","https://www.unep.org/resources/report/unep-food-waste-index-report-2173"
"SEYCHELLES",132,93,9128,13,1252,26,2498,690,"SUB-SAHARAN AFRICA","https://www.unep.org/resources/report/unep-food-waste-index-report-2217"
"SIERRA LEONE",147,103,802371,16,122200,28,216020,694,"SUB-SAHARAN AFRICA","https://www.unep.org/resources/report/unep-food-waste-index-report-2218"
"SINGAPORE",119,80,465355,13,74361,26,148418,702,"SOUTH-EASTERN ASIA","https://www.unep.org/resources/report/unep-food-waste-index-report-2147"
"SINT MAARTEN (DUTCH PART)",113,74,3134,13,543,26,1084,534,"LATIN AMERICA AND THE CARIBBEAN","https://www.unep.org/resources/report/unep-food-waste-index-report-2088"
"SLOVAKIA",109,70,381273,13,69911,26,139538,703,"EASTERN EUROPE","https://www.unep.org/resources/report/unep-food-waste-index-report-2043"
"SLOVENIA",61,34,71107,7,13910,20,41741,705,"SOUTHERN EUROPE","https://www.unep.org/resources/report/unep-food-waste-index-report-2174"
"SOLOMON ISLANDS",135,91,60963,16,10476,28,18519,90,"MELANESIA","https://www.unep.org/resources/report/unep-food-waste-index-report-2098"
"SOMALIA",147,103,1585898,16,241530,28,426966,706,"SUB-SAHARAN AFRICA","https://www.unep.org/resources/report/unep-food-waste-index-report-2219"
"SOUTH AFRICA",84,40,2329228,16,915865,28,1619024,710,"SUB-SAHARAN AFRICA","https://www.unep.org/resources/report/unep-food-waste-index-report-2220"
"SOUTH SUDAN",147,103,1136015,16,173014,28,305846,728,"SUB-SAHARAN AFRICA","https://www.unep.org/resources/report/unep-food-waste-index-report-2221"
"SPAIN",116,77,3613954,13,598760,26,1195080,724,"SOUTHERN EUROPE","https://www.unep.org/resources/report/unep-food-waste-index-report-2175"
"SRI LANKA",120,76,1617738,16,333508,28,589559,144,"SOUTHERN ASIA","https://www.unep.org/resources/report/unep-food-waste-index-report-2159"
"STATE OF PALESTINE",145,101,501602,16,77910,28,137726,275,"WESTERN ASIA","https://www.unep.org/resources/report/unep-food-waste-index-report-2240"
"SUDAN",141,97,4162396,16,669608,28,1183703,729,"NORTHERN AFRICA","https://www.unep.org/resources/report/unep-food-waste-index-report-2111"
"SURINAME",116,72,42112,16,9093,28,16075,740,"LATIN AMERICA AND THE CARIBBEAN","https://www.unep.org/resources/report/unep-food-waste-index-report-2089"
"SWEDEN",112,81,812948,10,100364,21,205746,752,"NORTHERN EUROPE","https://www.unep.org/resources/report/unep-food-waste-index-report-2129"
"SWITZERLAND",125,72,615790,13,110067,40,343656,756,"WESTERN EUROPE","https://www.unep.org/resources/report/unep-food-waste-index-report-2253"
"SYRIAN ARAB REPUBLIC",148,104,1771842,16,266980,28,471955,760,"WESTERN ASIA","https://www.unep.org/resources/report/unep-food-waste-index-report-2241"
"TAJIKISTAN",141,97,906209,16,145783,28,257708,762,"CENTRAL ASIA","https://www.unep.org/resources/report/unep-food-waste-index-report-2025"
"THAILAND",123,79,5478532,16,1088960,28,1925014,764,"SOUTH-EASTERN ASIA","https://www.unep.org/resources/report/unep-food-waste-index-report-2148"
"TIMOR-LESTE",130,86,111643,16,20224,28,35752,626,"SOUTH-EASTERN ASIA","https://www.unep.org/resources/report/unep-food-waste-index-report-2149"
"TOGO",147,103,830017,16,126411,28,223463,768,"SUB-SAHARAN AFRICA","https://www.unep.org/resources/report/unep-food-waste-index-report-2222"
"TONGA",120,76,7912,16,1634,28,2889,776,"POLYNESIA","https://www.unep.org/resources/report/unep-food-waste-index-report-2137"
"TRINIDAD AND TOBAGO",113,74,103119,13,17872,26,35671,780,"LATIN AMERICA AND THE CARIBBEAN","https://www.unep.org/resources/report/unep-food-waste-index-report-2090"
"TUNISIA",135,91,1064407,16,182908,28,323336,788,"NORTHERN AFRICA","https://www.unep.org/resources/report/unep-food-waste-index-report-2112"
"TURKEY",137,93,7762575,16,1304858,28,2306668,792,"WESTERN ASIA","https://www.unep.org/resources/report/unep-food-waste-index-report-2242"
"TURKMENISTAN",120,76,449895,16,92936,28,164288,795,"CENTRAL ASIA","https://www.unep.org/resources/report/unep-food-waste-index-report-2026"
"TURKS AND CAICOS ISLANDS",113,74,2824,13,489,26,977,796,"LATIN AMERICA AND THE CARIBBEAN","https://www.unep.org/resources/report/unep-food-waste-index-report-2091"
"TUVALU",120,76,878,16,181,28,321,798,"POLYNESIA","https://www.unep.org/resources/report/unep-food-waste-index-report-2138"
"UGANDA",147,103,4546237,16,692387,28,1223969,800,"SUB-SAHARAN AFRICA","https://www.unep.org/resources/report/unep-food-waste-index-report-2223"
"UKRAINE",120,76,3344904,16,688070,28,1216338,804,"EASTERN EUROPE","https://www.unep.org/resources/report/unep-food-waste-index-report-2044"
"UNITED ARAB EMIRATES",134,95,923625,13,125173,26,249836,784,"WESTERN ASIA","https://www.unep.org/resources/report/unep-food-waste-index-report-2243"
"UNITED KINGDOM",98,77,5199825,4,283627,17,1114248,826,"NORTHERN EUROPE","https://www.unep.org/resources/report/unep-food-waste-index-report-2130"
"UNITED REP. OF TANZANIA",163,119,6907649,16,907219,28,1603740,834,"SUB-SAHARAN AFRICA","https://www.unep.org/resources/report/unep-food-waste-index-report-2224"
"UNITED STATES OF AMERICA",139,59,19359951,16,5151313,64,20934827,840,"NORTHERN AMERICA","https://www.unep.org/resources/report/unep-food-waste-index-report-2118"
"UNITED STATES VIRGIN ISLANDS",113,74,7732,13,1340,26,2675,850,"LATIN AMERICA AND THE CARIBBEAN","https://www.unep.org/resources/report/unep-food-waste-index-report-2092"
"URUGUAY",113,74,255892,13,44349,26,88517,858,"LATIN AMERICA AND THE CARIBBEAN","https://www.unep.org/resources/report/unep-food-waste-index-report-2093"
"UZBEKISTAN",135,91,3001868,16,515841,28,911881,860,"CENTRAL ASIA","https://www.unep.org/resources/report/unep-food-waste-index-report-2027"
"VANUATU",135,91,27296,16,4691,28,8292,548,"MELANESIA","https://www.unep.org/resources/report/unep-food-waste-index-report-2099"
"VENEZUELA (BOLIV. REP. OF)",116,72,2065461,16,445994,28,788407,862,"LATIN AMERICA AND THE CARIBBEAN","https://www.unep.org/resources/report/unep-food-waste-index-report-2094"
"VIET NAM",120,76,7346717,16,1508689,28,2666991,704,"SOUTH-EASTERN ASIA","https://www.unep.org/resources/report/unep-food-waste-index-report-2150"
"YEMEN",148,104,3026946,16,456099,28,806270,887,"WESTERN ASIA","https://www.unep.org/resources/report/unep-food-waste-index-report-2244"
"ZAMBIA",122,78,1391729,16,279350,28,493822,894,"SUB-SAHARAN AFRICA","https://www.unep.org/resources/report/unep-food-waste-index-report-2225"
"ZIMBABWE",144,100,1458564,16,229059,28,404920,716,"SUB-SAHARAN AFRICA","https://www.unep.org/resources/report/unep-food-waste-index-report-2226"
